3,ENGL,1101
3,ENGL,1101E
3,ENGL,1101S
3,ENGL,1102
3,ENGL,1102E
3,ENGL,1102M
3,ENGL,1050H
3,ENGL,1060H
3,MATH,1101
3,MATH,1113
3,MATH,2200
3,MATH,2250
3,MATH,2300H
3,MATH,2400
3,MATH,2400H
3,MATH,2410
3,MATH,2410H
15,BIOL,1103
15,BIOL,1104
15,BIOL,1107
15,BIOL,1107L
15,BIOL,1108
15,BIOL,1108L
15,BIOL,2107H
15,MARS,1020
15,ECOL,1000
15,ECOL,1000L
15,MARS,1025H
15,HONS,2080H
15,BIOL,2080H
15,CHEM,2080H
15,GEOL,2080H
15,PHYS,2080H
15,PBIO,1210
15,BIOL,1210
15,PBIO,1220
15,BIOL,1220
